{
    "Best Model": "Random Forest",
    "Accuracy": 0.480918193840922,
    "Precision": 0.5116454306548418,
    "Recall": 0.480918193840922,
    "F1 Score": 0.41322959761586087
}