{
    "Best Model": "Random Forest",
    "Accuracy": 0.4790289061023994,
    "Precision": 0.489841135507785,
    "Recall": 0.4790289061023994,
    "F1 Score": 0.4165528891804294
}