{
    "Best Model": "XGBoost",
    "R2 Score": 0.12592697143554688,
    "MAE": 0.710318386554718,
    "RMSE": 0.907312625215189
}