{
    "Best Model": "XGBoost",
    "R2 Score": 0.09929114580154419,
    "MAE": 0.7180080413818359,
    "RMSE": 0.9210332163040761
}